{"cameraMode":{"drawMode":0,"name":"Shaded","section":"Shading Mode"},"sceneLighting":false,"audioPlay":false,"sceneViewState":{"showFog":true,"showMaterialUpdate":false,"showSkybox":true,"showFlares":true,"showImageEffects":true,"showParticleSystems":true},"in2DMode":false,"pivot":{"x":-0.000014734978321939707,"y":0.999996542930603,"z":-0.00001723179047985468},"rotation":{"x":0.0937686339020729,"y":0.90231853723526,"z":-0.25002521276474,"w":0.3384023606777191},"size":2.400057077407837,"orthographic":false}