{"cameraMode":{"drawMode":0,"name":"Shaded","section":"Shading Mode"},"sceneLighting":false,"audioPlay":false,"sceneViewState":{"showFog":true,"showMaterialUpdate":false,"showSkybox":true,"showFlares":true,"showImageEffects":true,"showParticleSystems":true},"in2DMode":false,"pivot":{"x":0.0,"y":1.590000033378601,"z":0.8399999737739563},"rotation":{"x":0.12936168909072877,"y":0.8096703886985779,"z":-0.1945478618144989,"w":0.5383778214454651},"size":3.0000569820404054,"orthographic":false}