{"cameraMode":{"drawMode":0,"name":"Shaded","section":"Shading Mode"},"sceneLighting":false,"audioPlay":false,"sceneViewState":{"showFog":true,"showMaterialUpdate":false,"showSkybox":true,"showFlares":true,"showImageEffects":true,"showParticleSystems":true},"in2DMode":false,"pivot":{"x":0.08053004741668701,"y":0.6920818090438843,"z":-0.2184903770685196},"rotation":{"x":-0.037829551845788959,"y":0.7955446243286133,"z":0.04993824288249016,"w":0.6026474237442017},"size":1.2000572681427003,"orthographic":false}