{"cameraMode":{"drawMode":0,"name":"Shaded","section":"Shading Mode"},"sceneLighting":false,"audioPlay":false,"sceneViewState":{"showFog":true,"showMaterialUpdate":false,"showSkybox":true,"showFlares":true,"showImageEffects":true,"showParticleSystems":true},"in2DMode":false,"pivot":{"x":-0.000011930500477319583,"y":0.9999813437461853,"z":0.000004603728484653402},"rotation":{"x":0.2258339524269104,"y":0.7499562501907349,"z":-0.3164665699005127,"w":0.5351762771606445},"size":2.1000571250915529,"orthographic":false}