{"cameraMode":{"drawMode":0,"name":"Shaded","section":"Shading Mode"},"sceneLighting":false,"audioPlay":false,"sceneViewState":{"showFog":true,"showMaterialUpdate":false,"showSkybox":true,"showFlares":true,"showImageEffects":true,"showParticleSystems":true},"in2DMode":false,"pivot":{"x":0.00003807613757089712,"y":1.4999970197677613,"z":-0.000055795564549043775},"rotation":{"x":0.15600140392780305,"y":0.7203840613365173,"z":-0.1719515472650528,"w":0.6535618305206299},"size":3.351313591003418,"orthographic":false}