{"cameraMode":{"drawMode":0,"name":"Shaded","section":"Shading Mode"},"sceneLighting":false,"audioPlay":false,"sceneViewState":{"showFog":true,"showMaterialUpdate":false,"showSkybox":true,"showFlares":true,"showImageEffects":true,"showParticleSystems":true},"in2DMode":false,"pivot":{"x":0.0002499818801879883,"y":0.0002499818801879883,"z":0.0002499818801879883},"rotation":{"x":0.2258339524269104,"y":0.7499562501907349,"z":-0.3164665699005127,"w":0.5351762771606445},"size":4.884409427642822,"orthographic":false}