{"cameraMode":{"drawMode":0,"name":"Shaded","section":"Shading Mode"},"sceneLighting":false,"audioPlay":false,"sceneViewState":{"showFog":true,"showMaterialUpdate":false,"showSkybox":true,"showFlares":true,"showImageEffects":true,"showParticleSystems":true},"in2DMode":false,"pivot":{"x":-2.3297462463378908,"y":6.666046142578125,"z":2.767746925354004},"rotation":{"x":0.12936168909072877,"y":0.8096703886985779,"z":-0.1945478618144989,"w":0.5383778214454651},"size":15.122127532958985,"orthographic":false}